[
  {
    "id": 1,
    "priority": 1,
    "action": { "type": "block" },
    "condition": {
      "urlFilter": "*://*.doubleclick.net/*",
      "resourceTypes": ["main_frame", "sub_frame", "script", "image", "object", "xmlhttprequest", "ping", "csp_report", "media", "websocket", "other"]
    }
  },
  {
    "id": 2,
    "priority": 1,
    "action": { "type": "block" },
    "condition": {
      "urlFilter": "*://*.googleadservices.com/*",
      "resourceTypes": ["main_frame", "sub_frame", "script", "image", "object", "xmlhttprequest", "ping", "csp_report", "media", "websocket", "other"]
    }
  }
]